App Number,App Name,Time 1(ms),Time 2(ms),Time 3(ms),Time 4(ms),Time 5(ms),Time 6(ms),Time 7(ms),Time 8(ms),Time 9(ms),Time 10(ms),Average Time(ms)
1,Notepad,368.873,152.772,121.871,102.096,130.17100000000002,143.62,113.93499999999999,101.72399999999999,121.268,348.989,170.5319
2,Calculator,31.718999999999998,39.352,30.231,28.527,26.014,29.321,44.040000000000006,28.261000000000003,33.209,72.223,36.2897
3,Paint,139.923,176.00199999999998,108.531,105.742,106.181,137.78099999999998,136.58,155.925,123.001,187.884,137.755
4,Snipping Tool,144.51500000000001,182.29600000000002,105.24300000000001,127.416,172.346,155.971,121.36800000000001,110.235,255.002,469.55400000000003,184.39460000000003
5,File Explorer,60.094,59.797000000000004,38.449999999999996,61.047,54.838,74.239,39.918,45.818999999999996,109.41499999999999,117.253,66.08700000000002
